<core:FragmentDefinition xmlns:core="sap.ui.core" xmlns="sap.m" xmlns:l="sap.ui.layout">
	<TableSelectDialog noDataText="No Events Found" title="Select Events" confirm="handleConfirm" cancel="handleClose" contentWidth="30%"
		items="{eventModel>/results}" contentHeight="60%" multiSelect="true" rememberSelections="true">
		<columns>
			<Column>
				<Text text="Event"/>
			</Column>
			<Column>
				<Text text="Event Code"/>
			</Column>
		</columns>
		<items>
			<ColumnListItem visible="{=${eventModel>Flag}==='X'? false : true}">
				<cells>
					<Text text="{eventModel>EventName}"/>
					<Text text="{eventModel>EventCode}"/>
				</cells>
			</ColumnListItem>
		</items>
	</TableSelectDialog>
</core:FragmentDefinition>