<core:FragmentDefinition xmlns:core="sap.ui.core" xmlns="sap.m" xmlns:l="sap.ui.layout">
	<Dialog contentWidth="30%" contentHeight="60%">
		<content>
			<Table noDataText="No Events Found" items="{eventModel>/results}">
				<columns>
					<Column>
						<Text text="Event"/>
					</Column>
					<Column>
						<Text text="Event Code"/>
					</Column>
				</columns>
				<items>
					<ColumnListItem visible="{=${eventModel>Flag}==='X'? true : false}">
						<cells>
							<Text text="{eventModel>EventName}"/>
							<Text text="{eventModel>EventCode}"/>
						</cells>
					</ColumnListItem>
				</items>
			</Table>
		</content>
		<endButton>
			<Button text="Close" press="onClose"/>
		</endButton>
	</Dialog>
</core:FragmentDefinition>