<edmx:Edmx xmlns:edmx="http://schemas.microsoft.com/ado/2007/06/edmx"
	xmlns:m="http://schemas.microsoft.com/ado/2007/08/dataservices/metadata" xmlns:sap="http://www.sap.com/Protocols/SAPData" Version="1.0">
	<edmx:DataServices m:DataServiceVersion="2.0">
		<Schema xmlns="http://schemas.microsoft.com/ado/2008/09/edm" Namespace="ZTM_POD_SRV" xml:lang="en" sap:schema-version="1">
			<EntityType Name="FreightDetails" sap:content-version="1">
				<Key><PropertyRef Name="FrtOrdNum"/></Key><Property Name="FrtOrdNum" Type="Edm.String" Nullable="false" MaxLength="20" sap:unicode="false" sap:label="Freight Order Number"
					sap:creatable="false" sap:updatable="false" sap:sortable="false"/><Property Name="DelOrdNum" Type="Edm.String" Nullable="false" MaxLength="10" sap:unicode="false" sap:label="Delivery Order Number"
					sap:creatable="false" sap:updatable="false" sap:sortable="false"/><Property Name="TruckNum" Type="Edm.String" Nullable="false" sap:unicode="false" sap:label="Truck Number" sap:creatable="false"
					sap:updatable="false" sap:sortable="false"/><Property Name="FrtUnit" Type="Edm.String" Nullable="false" MaxLength="20" sap:unicode="false" sap:label="Freight Unit Number"
					sap:creatable="false" sap:updatable="false" sap:sortable="false" sap:filterable="false"/><Property Name="CoName" Type="Edm.String" Nullable="false" sap:unicode="false" sap:label="Customer Name" sap:creatable="false"
					sap:updatable="false" sap:sortable="false" sap:filterable="false"/><Property Name="Location" Type="Edm.String" Nullable="false" MaxLength="20" sap:unicode="false" sap:label="Location" sap:creatable="false"
					sap:updatable="false" sap:sortable="false" sap:filterable="false"/></EntityType>
			<EntityType Name="ProductDetails" sap:content-version="1">
				<Key><PropertyRef Name="FrtUnit"/></Key><Property Name="FrtUnit" Type="Edm.String" Nullable="false" MaxLength="20" sap:unicode="false" sap:label="Freight Unit"
					sap:creatable="false" sap:updatable="false" sap:sortable="false"/></EntityType>
			<EntityContainer Name="ZTM_POD_SRV_Entities" m:IsDefaultEntityContainer="true" sap:supported-formats="atom json xlsx"><EntitySet Name="FreightDetailsSet" EntityType="ZTM_POD_SRV.FreightDetails" sap:creatable="false" sap:updatable="false"
				sap:deletable="false" sap:pageable="false" sap:addressable="false" sap:content-version="1"/><EntitySet Name="ProductDetailsSet" EntityType="ZTM_POD_SRV.ProductDetails" sap:creatable="false" sap:updatable="false"
				sap:deletable="false" sap:pageable="false" sap:addressable="false" sap:content-version="1"/></EntityContainer><atom:link xmlns:atom="http://www.w3.org/2005/Atom" rel="self" href="./sap/ZTM_POD_SRV/$metadata"/><atom:link xmlns:atom="http://www.w3.org/2005/Atom" rel="latest-version" href="./sap/ZTM_POD_SRV/$metadata"/></Schema>
	</edmx:DataServices>
</edmx:Edmx>